community_area,disposable_income,discretionary_consumption,accessibility,decision_rationale,vote,rank1,rank2,rank3,rank4,rank5
Rogers Park,"Rogers Park has a median income of $57,591 and a per capita income of $36,162. A significant portion of the population earns less than $50,000, indicating limited disposable income for many residents.","With 44.8% of households earning less than $50,000, discretionary spending is likely constrained. Residents may prioritize essential expenses over additional transportation costs.",Rogers Park has a high percentage of residents using transit (28.1%) and a significant portion without vehicles (37.2%). This suggests a reliance on public transportation and the need for affordable and efficient transit options.,"Given the community's reliance on public transit and limited disposable income, proposals with lower transit fares and moderate sales taxes are prioritized. Reducing travel time is also important, but not at the expense of significantly higher costs. Proposals with a balance of lower fares, moderate taxes, and reasonable driving fees are preferred to enhance transit accessibility while considering the financial constraints of residents.","[10, 11, 19, 20, 13]",10,11,19,20,13
West Ridge,"West Ridge has a median income of $68,091 and a per capita income of $32,132. The income distribution shows a significant portion of the population earning less than $50,000, which suggests that affordability is a key concern for many residents.","With a diverse income distribution, a substantial portion of the community may have limited discretionary spending. Policies that increase costs significantly could impact their ability to spend on other necessities.","The community has a high percentage of residents who drive alone (59.2%), but also a notable portion using transit (12.5%). Improving transit times and affordability could benefit those who rely on public transportation, while also potentially reducing congestion for drivers.","Given the income distribution and transportation preferences, the community would benefit from policies that balance affordability with improved transit services. Lower fares and moderate driver fees could encourage more transit use, reducing congestion and emissions. A moderate sales tax is acceptable if it significantly improves transit services. The selected policies aim to reduce travel times for both transit and driving, while keeping costs manageable for residents.","[11, 14, 13, 10, 19]",11,14,13,10,19
Uptown,"Uptown has a median income of $66,871 and a per capita income of $49,783. A significant portion of the population earns less than $50,000, indicating a need to consider affordability in transportation costs.","With a diverse income distribution, a substantial portion of the community may be sensitive to increases in transportation costs, which could impact their ability to spend on other necessities.","Uptown has a high percentage of residents using transit (34.9%) and a significant number without vehicles (42.1%). This suggests a strong reliance on public transportation, making transit affordability and efficiency crucial.","Given the high reliance on public transit and the income distribution, proposals with lower transit fares and moderate driver fees are prioritized to maintain affordability and improve transit efficiency. A moderate sales tax is acceptable if it significantly enhances transit services, as many residents depend on public transportation. The goal is to balance cost with improved transit times and accessibility.","[11, 13, 10, 14, 19]",11,13,10,14,19
Lincoln Square,"Lincoln Square has a relatively high median income of $90,569 and a per capita income of $57,351, indicating a community with a good level of disposable income. A significant portion of the population earns over $100,000, suggesting that the community can absorb moderate increases in taxes or fees without severe financial strain.","With a high percentage of households earning over $100,000, discretionary consumption is likely robust. However, a portion of the population earns less than $50,000, so policies should consider affordability for lower-income residents.","Lincoln Square has a diverse mode of transportation usage, with 26% using transit and 39.1% driving alone. The community has a significant portion of residents without vehicles (21.6%), indicating a reliance on public transit. Improving transit times and maintaining affordability is crucial for accessibility.","Given the high reliance on transit and the community's income distribution, policies that improve transit times while keeping fares affordable are prioritized. A moderate sales tax is acceptable due to the community's income levels, but driver fees should be balanced to encourage transit use without overly burdening drivers. The top-ranked proposals focus on reducing transit times and maintaining or slightly increasing fares to improve service quality, with a moderate sales tax to support transit funding.","[11, 14, 13, 10, 19]",11,14,13,10,19
North Center,"North Center has a high median income of $148,585 and a per capita income of $88,926, indicating a relatively affluent community with significant disposable income.","With 49.5% of households earning $150,000 and over, the community has a high capacity for discretionary spending. However, the community may still be sensitive to changes in costs that affect their lifestyle and consumption patterns.","The community has a diverse mode of transportation usage with 38.6% driving alone and 20% using transit. A significant portion of the population works from home (29.2%), reducing daily commuting needs. Car ownership is high, with 87.4% of households owning at least one vehicle, indicating a reliance on personal vehicles for mobility.","Given the high income levels, the community can absorb moderate increases in taxes and fees. However, maintaining or improving transit service quality is important for the 20% who rely on it. Reducing travel time for both drivers and transit users is a priority. Proposals with moderate taxes and fees that significantly improve transit times and slightly reduce driving times are preferred. The community is likely to support policies that balance cost with improved service and reduced congestion.","[11, 14, 13, 10, 19]",11,14,13,10,19
Lake View,"Lake View has a relatively high median income of $100,625 and a per capita income of $87,044, indicating a community with substantial disposable income. A significant portion of the population earns over $150,000, suggesting that the community can absorb moderate increases in taxes or fees without significant hardship.","With a high income level, the community likely has a higher level of discretionary consumption. However, a notable portion of the population earns less than $50,000, so policies should consider affordability for lower-income residents.","Lake View has a high percentage of residents using transit (36.9%) and a significant portion without vehicle access (39.6%). This suggests that transit accessibility is crucial. The community also has a high percentage of people working from home (27.9%), which may reduce the overall impact of transit and driving costs.","Given the high reliance on transit and the community's income profile, policies that improve transit times and maintain affordability are prioritized. A lower transit fare is preferred to support lower-income residents, while moderate driver fees can help reduce congestion and improve transit services. A balanced approach with a moderate sales tax is chosen to ensure sufficient funding for transit improvements without overly burdening residents.","[11, 14, 13, 10, 19]",11,14,13,10,19
Lincoln Park,"Lincoln Park has a high median household income of $134,277 and a per capita income of $109,538, indicating a relatively high level of disposable income compared to other areas.","With a significant portion of households earning over $150,000, residents likely have substantial discretionary spending power. However, a notable portion of the population also earns less than $25,000, which suggests some income diversity.",Lincoln Park has a high percentage of residents using transit (33.4%) and a significant number of households without vehicles (32.3%). This indicates a strong reliance on public transportation and the need for efficient and affordable transit options.,"Given the high reliance on public transit and the community's ability to absorb some additional costs, the focus is on improving transit efficiency and reducing travel times. Proposals with higher driver fees and moderate transit fares are preferred to encourage a shift from driving to transit, reducing congestion and emissions. A moderate sales tax is acceptable given the community's income levels, as it supports better transit services. The top-ranked proposals balance these factors by offering reduced travel times for both transit and driving, while maintaining reasonable costs.","[11, 14, 13, 10, 19]",11,14,13,10,19
Near North Side,"The Near North Side has a high median income of $121,562 and a per capita income of $118,674, indicating a relatively affluent community with significant disposable income.","With a large portion of the population earning over $150,000, the community likely has a high level of discretionary consumption. The impact of small increases in transit fares or taxes may be less significant compared to lower-income areas.","The community has a high percentage of residents who walk or bike (27.6%) and use transit (18.9%), with a significant portion also working from home (25%). Car ownership is relatively low, with 45.6% of households having no vehicle. This suggests a strong reliance on public transit and non-motorized modes of transportation.","Given the high income levels, the community can absorb moderate increases in transit fares and taxes if it results in improved transit services. The focus should be on reducing travel times and enhancing transit efficiency, as a significant portion of the population relies on these modes. Proposals with higher driver fees could also be beneficial in reducing congestion and emissions, aligning with the community's reliance on transit and non-motorized transport. Therefore, proposals that balance moderate fare increases with improved transit times and higher driver fees are prioritized.","[11, 14, 13, 10, 19]",11,14,13,10,19
Edison Park,"Edison Park has a relatively high median income of $120,024 and a per capita income of $57,872. A significant portion of the population earns over $100,000, indicating a strong disposable income base.","With a high income level, residents likely have substantial discretionary spending. However, a notable portion of the population earns less than $50,000, so affordability of transit and driving fees is still a consideration.","The majority of residents drive alone (69.1%), with only 8.4% using transit. Car ownership is high, with 61% owning two or more vehicles. This suggests that while transit improvements are beneficial, driving remains the primary mode of transportation.","Given the high car ownership and preference for driving, policies that reduce driving time and cost are prioritized. However, improving transit is also important to provide alternatives and reduce congestion. A balance between low transit fares and moderate driver fees is ideal to encourage transit use without overly burdening drivers. A lower sales tax is preferred to maintain discretionary spending. Therefore, proposals with lower fares and moderate driver fees, coupled with lower sales taxes, are prioritized.","[10, 13, 19, 22, 11]",10,13,19,22,11
Norwood Park,"Norwood Park has a relatively high median household income of $107,122 and a per capita income of $49,303. A significant portion of the population earns over $100,000, indicating a strong disposable income base.","With a high percentage of households earning over $100,000, the community likely has a substantial amount of discretionary income. However, the community also has a notable percentage of households earning less than $50,000, which suggests that affordability of transportation options is still a concern for a portion of the population.","The majority of residents (71.1%) drive alone to work, indicating a strong reliance on personal vehicles. Only 7.3% use transit, suggesting that current transit options may not be as accessible or convenient. Improving transit times and services could encourage more residents to switch from driving to transit.","Given the high car ownership and reliance on driving, policies that reduce driving time and improve transit services are prioritized. However, the community's high income allows for some flexibility in accepting higher taxes or fees if they result in significant improvements in transit services. The top-ranked proposals balance lower transit fares and moderate driver fees to encourage transit use while maintaining reasonable costs for drivers. The selected proposals also consider the impact of sales tax on discretionary spending, opting for lower tax rates to minimize the financial burden on lower-income households.","[11, 14, 13, 10, 19]",11,14,13,10,19
Jefferson Park,"Jefferson Park has a relatively high median household income of $90,740 and a per capita income of $42,024, indicating a moderate to high level of disposable income.","With a significant portion of households earning over $100,000, the community has a good capacity for discretionary spending. However, 27% of households earn less than $50,000, which suggests that affordability is still a concern for a notable segment of the population.","The majority of residents drive alone (61.7%), with only 13.4% using transit. Car ownership is high, with 90.2% of households owning at least one vehicle. This suggests that while transit improvements are beneficial, policies should not overly burden drivers.","Given the high car ownership and preference for driving, policies that significantly increase driving costs are less favorable. However, improving transit times and affordability is important for the 13.4% who rely on it. Balancing a moderate sales tax with lower transit fares and reasonable driving fees will support transit improvements without overly burdening residents. The selected policies aim to reduce travel times for both modes while maintaining affordability, especially for lower-income households.","[10, 13, 19, 22, 11]",10,13,19,22,11
Forest Glen,"Forest Glen has a high median income of $139,046 and a per capita income of $70,693, indicating a relatively high level of disposable income. A significant portion of households earn $150,000 and over, suggesting that the community can absorb moderate increases in taxes or fees without significant financial strain.","With a high income level, residents likely have substantial discretionary spending. However, they may still be sensitive to changes in costs that could affect their lifestyle, such as increased transit fares or driving fees.","The majority of residents drive alone (57.9%), with a smaller percentage using transit (10.5%). This suggests that while transit improvements could benefit some, policies that maintain or improve driving conditions are also important. The community has a high rate of car ownership, with 44.1% owning two vehicles and 18.2% owning three or more.","Given the high income and car ownership, policies that slightly increase costs but significantly improve transit times and reduce driving times are favorable. A moderate sales tax increase is acceptable if it leads to better transit services, as the community can afford it. Reducing driving time is also crucial due to the high percentage of residents who drive alone. Therefore, proposals that balance these factors by improving transit and driving conditions while keeping costs reasonable are prioritized.","[14, 11, 13, 10, 19]",14,11,13,10,19
North Park,"North Park has a median income of $74,649 and a per capita income of $37,156. A significant portion of the population earns over $100,000, indicating a relatively high disposable income compared to other areas.","With a substantial portion of the population earning above $100,000, there is likely a higher level of discretionary consumption. However, 34.3% of households earn less than $50,000, indicating a need to balance affordability for lower-income residents.","55.6% of residents drive alone, while 17.5% use transit. The mean commute time is 34 minutes, suggesting a need for efficient transit options. Car ownership is high, with 85.4% of households having at least one vehicle, but 14.6% have no vehicle, highlighting the importance of affordable transit options.","Given the high car ownership and significant use of transit, policies that improve transit efficiency and affordability are prioritized. Lower fares and moderate driver fees can encourage transit use without overly burdening drivers. A moderate sales tax is acceptable given the community's income levels, as it supports better transit services. The selected policies aim to reduce travel times and costs for both drivers and transit users, balancing the needs of different income groups.","[11, 14, 13, 10, 19]",11,14,13,10,19
Albany Park,"Albany Park has a diverse income distribution with a significant portion of households earning between $25,000 and $149,999. The community has a relatively balanced income distribution, with a notable percentage of high-income households ($150,000+). This suggests a moderate to high level of disposable income for many residents.","Given the income distribution, many households in Albany Park likely have discretionary income to spend on non-essential goods and services. However, a portion of the population earns less than $50,000, indicating that affordability is still a concern for some residents.","Albany Park has a high percentage of residents using transit (23.7%) and a significant number of households without a vehicle (19.1%). This indicates a strong reliance on public transportation. The community also has a substantial number of residents who drive alone (45.5%), suggesting that both transit and driving are important modes of transportation.","Given the reliance on public transit and the need for affordability, proposals with lower transit fares and moderate driver fees are prioritized. A lower sales tax is preferred to minimize the impact on discretionary consumption. Proposals that improve transit times without significantly increasing costs are favored. The community's diverse income distribution and reliance on both transit and driving are key factors in the decision-making process.","[10, 13, 19, 22, 11]",10,13,19,22,11
Portage Park,"Portage Park has a median income of $85,473 and a per capita income of $38,488. A significant portion of the population earns over $100,000, indicating a relatively high disposable income compared to other areas.","With a substantial portion of the population earning over $100,000, there is likely a higher level of discretionary consumption. However, 30.8% of households earn less than $50,000, indicating a need to balance affordability for lower-income residents.","62.9% of residents drive alone, and 14% use transit. The mean commute time is 37.1 minutes, suggesting a reliance on both driving and transit. Improving transit times could benefit a significant portion of the community, but driving remains the dominant mode.","Given the high car ownership and reliance on driving, policies that reduce driving time and cost are favorable. However, improving transit times and maintaining affordability for lower-income residents is also important. A balance between transit improvements and minimal increases in driving costs is ideal. Lower sales tax rates are preferred to maintain discretionary spending, while moderate fare and driver fees can improve transit without overly burdening residents.","[10, 13, 4, 19, 22]",10,13,4,19,22
Irving Park,"Irving Park has a relatively high median income of $86,849 and a per capita income of $48,320. A significant portion of the population earns over $100,000, indicating a good level of disposable income.","With a substantial portion of the population earning over $100,000, there is likely a higher level of discretionary spending. However, 28.6% of households earn less than $50,000, which means affordability is still a concern for a significant segment.","49.6% of residents drive alone, and 18.5% use transit, indicating a reliance on both modes. The community has a moderate level of car ownership, with 13.9% having no vehicle, suggesting the importance of affordable and efficient transit options.","Given the community's income distribution and transportation preferences, the focus is on balancing affordability with improved transit services. Lower fares and moderate driver fees can encourage transit use without overly burdening lower-income residents. A moderate sales tax is acceptable given the community's income levels, as it supports better transit services. The selected proposals aim to reduce travel times and costs for both drivers and transit users, while also considering the environmental benefits of reduced congestion.","[11, 14, 13, 10, 19]",11,14,13,10,19
Dunning,"Dunning has a relatively high percentage of households earning over $100,000, with 41.1% of households in this bracket. This suggests a moderate to high level of disposable income, allowing for some flexibility in absorbing additional costs from transportation policies.","With a significant portion of the population earning above $100,000, discretionary spending is likely robust. However, the community still has a notable percentage (29.3%) earning below $50,000, indicating that cost increases could impact a substantial minority.","The majority of residents (72.1%) drive alone, indicating a strong reliance on personal vehicles. Only 7.3% use transit, suggesting that improvements in transit could benefit a small but potentially growing segment of the population. Car ownership is high, with 93.7% of households owning at least one vehicle.","Given the high reliance on driving, policies that reduce driving time and improve transit could be beneficial. However, the community's relatively high income allows for some flexibility in absorbing higher costs. A balance between improving transit and maintaining reasonable costs is crucial. Policies with moderate taxes and fees that significantly reduce travel times are prioritized. The community's high car ownership and preference for driving suggest that policies with higher driver fees might be less favorable unless they offer substantial benefits in terms of reduced congestion and improved transit times.","[11, 14, 13, 10, 19]",11,14,13,10,19
Montclare,"The median income in Montclare is $69,038, with a per capita income of $33,574. A significant portion of the population earns less than $50,000, indicating a need to consider affordability in transportation costs.","With 20.3% of households earning less than $25,000, affordability is crucial. The community's spending on transportation should not significantly impact their ability to afford other necessities.","Montclare has a high rate of car ownership, with 74.9% driving alone to work. Only 4.4% use transit, suggesting that improvements in transit could benefit the community by providing more options and potentially reducing congestion.","Given the high car ownership and reliance on driving, policies that reduce driving time and costs are favorable. However, improving transit options is also important to provide alternatives and reduce congestion. Balancing lower fares and moderate taxes with reasonable driving fees can enhance transit services without overly burdening residents financially. The selected policies aim to improve transit times and maintain affordability, considering the community's income distribution and current transportation habits.","[11, 14, 13, 10, 19]",11,14,13,10,19
Belmont Cragin,"The community has a significant portion of households earning less than $50,000, with 18.2% earning less than $25,000 and 24.7% earning between $25,000 and $49,999. This suggests a moderate to low disposable income for a large segment of the population.","Given the income distribution, a substantial portion of the community's income is likely allocated to essential expenses, leaving limited room for discretionary spending. Any increase in transportation costs could significantly impact their budget.","With 57.7% of residents driving alone and 15.3% using transit, both modes of transportation are important. However, a notable 15.7% of households do not own a vehicle, indicating a reliance on public transit. Improving transit accessibility and affordability is crucial for these residents.","The decision prioritizes policies that balance affordability with improved transit services. Lower fares and moderate driver fees are preferred to encourage transit use without overly burdening drivers. A lower sales tax is favored to minimize the impact on discretionary spending. The selected policies aim to reduce travel times and costs for both transit users and drivers, while considering the community's income constraints and transportation needs.","[10, 11, 13, 19, 22]",10,11,13,19,22
Hermosa,"The median income in Hermosa is $66,073, with a per capita income of $27,053. A significant portion of the population earns between $25,000 and $74,999, indicating moderate disposable income levels.","With 37.7% of households earning less than $50,000, there is a need to balance transportation costs with other essential expenses. The community may be sensitive to increases in transit fares and taxes.","60.9% of residents drive alone, while 17.7% use transit. Car ownership is relatively high, with only 12.5% of households without a vehicle. This suggests a reliance on both driving and transit, with a need for efficient and affordable options.","Given the moderate income levels and reliance on both driving and transit, the community would benefit from policies that reduce travel time and costs without significantly increasing taxes. Lower fares and moderate driver fees can encourage transit use, reduce congestion, and improve accessibility. The selected policies aim to balance these factors, prioritizing lower fares and moderate driver fees to enhance transit services while keeping costs manageable for residents.","[10, 11, 19, 20, 13]",10,11,19,20,13
Avondale,"Avondale has a diverse income distribution with a significant portion of households earning above $100,000, indicating a relatively high disposable income for many residents. However, there is also a notable percentage of households earning less than $50,000, suggesting income disparity.","With a substantial portion of the population earning above $100,000, discretionary consumption is likely robust for many households. However, the presence of lower-income households means that affordability of transportation options remains important.","Avondale has a mix of transportation modes with nearly half of the population driving alone and a significant portion using transit. The community's accessibility to resources and services is supported by both driving and transit options, but improvements in transit could benefit those without vehicles.","Given the income diversity, it's important to balance affordability with improved transit services. Lower fares and moderate taxes are preferred to support lower-income residents while still enhancing transit. Proposals with higher driver fees are considered to encourage transit use and reduce congestion, benefiting the community's overall accessibility. The selected proposals aim to reduce travel times and improve transit affordability while considering the impact of taxes on discretionary spending.","[11, 14, 13, 10, 19]",11,14,13,10,19
Logan Square,"Logan Square has a relatively high median income of $97,759 and a per capita income of $62,532. A significant portion of the population earns over $100,000, indicating a good level of disposable income.","With a high income level, residents likely have a higher capacity for discretionary spending. However, a notable portion of the population earns less than $50,000, so affordability remains a concern for some households.","Logan Square has a diverse mode of transportation usage with 26.5% using transit and 36.6% driving alone. The community has a significant number of households without vehicles (21.2%), indicating a reliance on public transit.","Given the high reliance on transit and the significant number of households without vehicles, improving transit service is crucial. However, affordability must be balanced with service improvements. A lower fare and moderate tax and driving fee can enhance transit accessibility without overly burdening residents. Proposals with lower fares and moderate driving fees are prioritized to encourage transit use and reduce congestion, while keeping costs manageable for lower-income residents.","[10, 11, 13, 14, 19]",10,11,13,14,19
Humboldt Park,"Humboldt Park has a median household income of $51,105 and a per capita income of $25,358. A significant portion of the population earns less than $50,000, indicating limited disposable income for many residents.","With 49% of households earning less than $50,000, discretionary spending is likely constrained. High transit fares or driver fees could significantly impact these households' budgets.","25% of households do not own a vehicle, and 20.1% of residents use transit to commute. Improving transit accessibility and affordability is crucial for this community. The mean commute time is 35.7 minutes, suggesting a need for efficient transit options.","Given the community's limited disposable income and reliance on public transit, policies with lower transit fares and moderate driver fees are prioritized to enhance affordability and accessibility. A lower sales tax is preferred to minimize the impact on discretionary spending. Reducing car travel time is also beneficial, but not at the expense of significantly higher costs. Therefore, proposals with a balance of lower fares, moderate driver fees, and reasonable travel times are prioritized.","[10, 11, 19, 20, 13]",10,11,19,20,13
West Town,"West Town has a high median income of $128,717 and a per capita income of $82,088, indicating a relatively affluent community with significant disposable income.","With 43.9% of households earning $150,000 and over, the community has a high capacity for discretionary spending. However, a significant portion of the population (9.8%) earns less than $25,000, suggesting some income diversity.","West Town has a diverse mode of transportation usage with 23.2% using transit and 35.1% driving alone. The community also has a high percentage of residents working from home (26.3%), reducing daily commuting needs. Car ownership is moderate, with 20.2% of households having no vehicle.","Given the high income levels, the community can absorb moderate increases in taxes and fees. However, the presence of lower-income residents necessitates consideration of affordable transit options. The community values efficient transit and reduced congestion, as evidenced by the significant use of transit and the desire to maintain or improve travel times. Therefore, proposals that balance lower transit fares with moderate taxes and driving fees, while improving travel times, are prioritized. Proposals with higher taxes are less favored due to their impact on discretionary spending, despite the community's overall affluence.","[11, 14, 13, 10, 19]",11,14,13,10,19
Austin,"The median income in Austin is $40,086, with a significant portion of the population earning less than $25,000. This indicates limited disposable income, making cost-sensitive policies more favorable.","With a per capita income of $23,403, residents have limited discretionary spending. High transit fares or driver fees could significantly impact their ability to spend on other necessities.",Austin has a high percentage of residents without vehicles (30.6%) and a significant reliance on public transit (23.7%). Improving transit accessibility and affordability is crucial for this community.,"Given the limited disposable income and high reliance on public transit, policies with lower transit fares and moderate driver fees are prioritized. A lower sales tax is also preferred to minimize the impact on discretionary consumption. The goal is to enhance transit accessibility while keeping costs manageable for residents. Policies that reduce travel time for both transit and driving are also considered to improve overall accessibility.","[10, 11, 19, 20, 13]",10,11,19,20,13
West Garfield Park,"West Garfield Park has a median income of $36,360 and a per capita income of $18,503, with a significant portion of the population earning less than $25,000. This indicates limited disposable income, making cost-sensitive policies crucial.","With 42.2% of households earning less than $25,000, discretionary spending is likely constrained. Policies that minimize additional financial burdens, such as low fares and taxes, are preferable.","38.7% of households have no vehicle, and 27.9% of residents use transit. Improving transit accessibility and affordability is essential, as a significant portion of the community relies on public transportation.","Given the community's low income and high reliance on public transit, policies with lower fares and moderate taxes are prioritized to enhance affordability and accessibility. Reducing travel time is also important, but not at the expense of significantly higher costs. Therefore, proposals with lower fares and moderate driver fees, which can improve transit services and reduce congestion, are favored. The selected policies balance cost, accessibility, and service improvement.","[10, 11, 19, 20, 13]",10,11,19,20,13
East Garfield Park,"East Garfield Park has a median income of $31,762 and a per capita income of $20,343. A significant portion of the population (43.7%) earns less than $25,000, indicating limited disposable income.","With a large percentage of the population earning below $25,000, discretionary spending is likely constrained. High transit fares or driver fees could significantly impact the community's ability to spend on other necessities.","40% of households do not own a vehicle, and 25% of the population uses transit. Improving transit accessibility and affordability is crucial for this community. The mean commute time is 35.1 minutes, suggesting a need for efficient transit options.","Given the limited disposable income and high reliance on public transit, policies with lower transit fares and moderate driver fees are prioritized to enhance affordability and accessibility. A lower sales tax is preferred to minimize the impact on discretionary spending. The community benefits from reduced car travel times and improved transit efficiency, but affordability remains a key concern. Therefore, proposals with a balance of lower fares and moderate fees are ranked higher.","[10, 11, 19, 20, 13]",10,11,19,20,13
Near West Side,"The Near West Side has a relatively high median income of $106,955 and a per capita income of $72,602. A significant portion of the population earns over $150,000, indicating a community with substantial disposable income.","With a high income distribution, residents likely have more flexibility in their spending. However, 17.9% of the population earns less than $25,000, suggesting that affordability of transit fares and fees is still a concern for a portion of the community.","The community has a diverse mode of transportation usage: 18.1% use transit, 30.7% drive alone, and 24.1% walk or bike. A significant portion of households (34.3%) do not own a vehicle, indicating a reliance on public transit and non-motorized modes.","Given the high income levels, the community can afford a moderate increase in sales tax and transit fares if it results in better services. However, the reliance on public transit and non-motorized modes suggests that improving transit times is crucial. Proposals with lower transit fares and moderate driver fees are preferred to encourage transit use and reduce congestion. The community's high income allows for some flexibility in accepting higher taxes if it leads to significant improvements in transit services.","[11, 14, 13, 10, 19]",11,14,13,10,19
North Lawndale,"North Lawndale has a median income of $33,334 and a per capita income of $21,201. A significant portion of the population earns less than $25,000, indicating limited disposable income.","With 42.3% of households earning less than $25,000, discretionary spending is likely constrained. Any increase in transportation costs could significantly impact the community's ability to spend on other necessities.","23.7% of residents use transit, and 36.5% of households do not own a vehicle, indicating a reliance on public transportation. Improving transit times and maintaining low fares are crucial for accessibility.","Given the community's limited disposable income and reliance on public transit, the priority is to minimize costs while improving transit efficiency. Lower fares and moderate taxes are preferred to ensure affordability. Proposals with higher driver fees are considered to encourage a shift from driving to transit, reducing congestion and emissions. The selected proposals balance these factors, aiming to improve transit times without significantly increasing costs for residents.","[11, 10, 19, 13, 14]",11,10,19,13,14
South Lawndale,"South Lawndale has a median household income of $42,010 and a per capita income of $18,001, indicating limited disposable income. A significant portion of the population earns less than $50,000, which suggests that affordability is a key concern for the community.","With a large percentage of households earning below $50,000, discretionary spending is likely constrained. High transit fares or driver fees could significantly impact the community's ability to spend on other necessities.","A majority of residents drive alone (56.5%), but a notable portion (15.3%) relies on transit. Improving transit times and affordability could benefit those who depend on public transportation, while also potentially reducing congestion for drivers.","Given the community's limited disposable income, policies with lower fares and taxes are preferred to minimize financial burden. However, improving transit times is also important to enhance accessibility. Balancing these factors, the top choices prioritize lower fares and moderate taxes, with some driver fees to encourage transit use and reduce congestion. The selected policies aim to improve transit times without significantly increasing costs for residents.","[10, 11, 19, 20, 13]",10,11,19,20,13
Lower West Side,"The median income is $69,810, with a per capita income of $36,151. A significant portion of the population earns less than $50,000, indicating a need to consider affordability in transportation costs.","With 18.4% earning less than $25,000 and 19.3% earning between $25,000 and $49,999, a large segment of the community may have limited discretionary spending. Thus, lower transit fares and minimal additional taxes are preferable.","24.5% of residents use transit, and 23.8% have no vehicle, highlighting the importance of affordable and efficient public transit. The community also has a significant number of car owners, with 43.8% driving alone, so policies should balance transit improvements with reasonable driving costs.","Given the community's income distribution and reliance on both transit and driving, the ideal policy would lower transit fares to make it more accessible while not significantly increasing the cost of driving. A moderate sales tax is acceptable if it results in better transit services, as long as it doesn't overly burden lower-income households. The selected policies aim to reduce travel times and costs for both transit users and drivers, while considering the community's financial constraints.","[10, 13, 19, 22, 25]",10,13,19,22,25
Loop,"The Loop is a central business district with a mix of high-income professionals and lower-income service workers. Disposable income varies significantly, but overall, the area has a relatively high average income.","Residents in the Loop have a high level of discretionary consumption due to the presence of numerous dining, entertainment, and shopping options. However, the cost of living is also high, which affects disposable income.","The Loop has excellent accessibility to resources and services, with extensive public transit options including buses and trains. Walking and biking are also viable options due to the area's dense urban environment.","Given the Loop's high accessibility to public transit and the mixed income levels, the focus is on maintaining or improving transit services while considering the impact on disposable income. Lower transit fares and moderate driver fees are preferred to encourage public transit use and reduce congestion. A moderate sales tax is acceptable if it significantly improves transit services. The top-ranked proposals balance these factors by offering reduced travel times and costs for transit users, while also considering the impact on drivers and overall tax burden.","[11, 14, 13, 10, 19]",11,14,13,10,19
Near South Side,"The Near South Side has a high median household income of $124,558 and a per capita income of $94,087, indicating a relatively affluent community with significant disposable income.","With 43.7% of households earning $150,000 and over, the community likely has a high level of discretionary consumption. However, 12.9% of households earn less than $25,000, suggesting some income disparity.","The community has a balanced mode of transportation with 41.9% driving alone and 22.7% using transit. A significant portion of the population works from home (22.7%), reducing daily transportation needs. Car ownership is moderate, with 22.4% of households having no vehicle.","Given the high disposable income, the community can afford higher transit fares and driver fees if they result in better services and reduced travel times. The community values efficient transit options, as evidenced by the significant use of public transit. A lower sales tax is preferred to maintain discretionary spending. The top-ranked proposals prioritize reducing travel times for both transit and driving, while balancing costs to ensure affordability for lower-income residents.","[11, 14, 19, 22, 25]",11,14,19,22,25
Armour Square,"A significant portion of the community, 31.1%, earns less than $25,000, indicating limited disposable income. The majority of households fall into lower to middle-income brackets, suggesting sensitivity to increases in costs such as transit fares and sales taxes.","With a large percentage of the population in lower income brackets, discretionary spending is likely limited. Increases in transit fares, sales taxes, or driving fees could significantly impact the ability of residents to spend on other necessities.","A notable 24.4% of residents use transit, and 33.9% do not own a vehicle, indicating a reliance on public transportation. Improving transit times and maintaining affordable fares are crucial for accessibility. Additionally, 41.1% drive alone, so driving fees and travel times are also important considerations.","Given the community's reliance on transit and limited disposable income, proposals with lower transit fares and moderate sales taxes are prioritized. Reducing travel times for both transit and driving is also important. Balancing these factors, proposals that offer improved transit times without significantly increasing costs are preferred. The community's high percentage of transit users and non-vehicle owners suggests a need to prioritize transit accessibility and affordability.","[11, 10, 13, 14, 19]",11,10,13,14,19
Douglas,"The median income in Douglas is $43,528, with a significant portion of the population earning less than $25,000. This suggests limited disposable income, making cost-sensitive policies more favorable.","With a high percentage of households earning less than $50,000, discretionary spending is likely constrained. Policies that minimize additional costs, such as lower fares and taxes, would be beneficial.","44.4% of households do not own a vehicle, and 26.4% of residents use transit. Improving transit accessibility and affordability is crucial for this community, as many rely on public transportation.","Given the high reliance on public transit and limited disposable income, policies with lower transit fares and moderate taxes are prioritized. Reducing travel time is also important, but not at the expense of significantly higher costs. The community would benefit from policies that balance affordability with improved transit services, encouraging a shift from driving to transit to reduce congestion and emissions.","[10, 11, 19, 20, 13]",10,11,19,20,13
Oakland,"The median income in Oakland is $27,693, with a significant portion of the population earning less than $25,000. This indicates limited disposable income, making cost-sensitive policies more favorable.","With a high percentage of households earning less than $25,000, discretionary spending is likely constrained. Policies that minimize additional financial burdens are preferred.","41.7% of households have no vehicle, and 19.9% use transit. Improving transit accessibility and affordability is crucial, as a significant portion of the community relies on public transportation.","Given the limited disposable income and high reliance on public transit, policies with lower transit fares and moderate sales taxes are prioritized. Reducing travel time is also important, but not at the expense of significantly higher costs. The community's high percentage of households without vehicles suggests that transit improvements will have a broad impact. Therefore, proposals with lower fares and moderate driver fees, which can improve transit services without excessive cost increases, are favored.","[10, 11, 19, 20, 13]",10,11,19,20,13
Fuller Park,"The majority of households in Fuller Park have an income of less than $25,000, indicating limited disposable income. This suggests that any increase in costs, whether through transit fares, sales taxes, or driving fees, could significantly impact residents' financial situations.","With 70% of households earning less than $25,000, discretionary spending is likely minimal. Residents may prioritize essential goods and services, making them sensitive to any policy that increases their cost of living.","A significant portion of the community relies on driving (49.3%) and transit (18.7%) for commuting. However, 58% of households do not own a vehicle, indicating a reliance on public transit. Improving transit accessibility and affordability is crucial for this community.","Given the low income levels and high reliance on public transit, policies that minimize costs while improving transit services are prioritized. A lower transit fare and driving fee, combined with a moderate sales tax, would be ideal to enhance transit services without overly burdening residents financially. The selected policies aim to balance improved transit times and costs, considering the community's limited disposable income and reliance on public transportation.","[11, 10, 13, 14, 19]",11,10,13,14,19
Grand Boulevard,"The median income in Grand Boulevard is $43,048, with a significant portion of the population earning less than $25,000. This suggests limited disposable income, making cost-sensitive policies more favorable.","With a high percentage of households earning less than $25,000, discretionary spending is likely constrained. Policies that minimize additional costs, such as lower fares and taxes, would be beneficial.","Approximately 21.4% of residents use transit, and 49.3% drive alone. Improving transit times and maintaining affordability is crucial, as a significant portion of the population relies on public transportation.","Given the community's limited disposable income and reliance on transit, policies with lower fares and moderate taxes are prioritized. Reducing travel time for both transit and driving is also important. The selected policies aim to balance affordability with improved transit services, considering the community's economic constraints and transportation needs.","[10, 11, 19, 20, 13]",10,11,19,20,13
Kenwood,"Kenwood has a median income of $58,052 and a per capita income of $55,311. A significant portion of the population earns less than $25,000, indicating a need to consider affordability in transportation costs.","With 27.4% of households earning less than $25,000, affordability is crucial. The community may be sensitive to increases in transit fares and driver fees, as these could impact their ability to spend on other necessities.","33.1% of households do not own a vehicle, and 23.1% use transit, highlighting the importance of maintaining affordable and efficient public transportation options. The community also has a significant portion of residents working from home, which may reduce daily transportation needs.","Given the high percentage of residents without vehicles and those using transit, policies that improve transit times without significantly increasing costs are prioritized. Lower fares and moderate driver fees are preferred to balance affordability and service improvement. A lower sales tax is also favored to minimize the impact on discretionary spending. The selected policies aim to reduce travel times for both transit and driving, while keeping costs manageable for the community.","[11, 10, 19, 13, 14]",11,10,19,13,14
Washington Park,"The median income in Washington Park is $26,014, with a significant portion of the population (49.3%) earning less than $25,000. This indicates limited disposable income, making cost-sensitive policies more favorable.","With a per capita income of $19,948, residents have limited discretionary spending. Policies that minimize additional financial burdens, such as lower fares and taxes, are preferable to maintain consumption of essential goods and services.","A significant portion of the community relies on transit (32.3%) and many households do not own a vehicle (42.8%). Therefore, policies that improve transit accessibility and reduce travel time are crucial for enhancing access to resources and services.","Given the community's low income levels and reliance on public transit, policies with lower fares and taxes are prioritized to minimize financial strain. Additionally, reducing transit travel time is important to improve accessibility. The selected policies balance these factors by offering lower fares and taxes while also considering the benefits of reduced travel times for both transit and driving.","[10, 11, 19, 20, 13]",10,11,19,20,13
Hyde Park,"Hyde Park has a diverse income distribution with a significant portion of the population earning less than $50,000 annually. However, there is also a substantial percentage earning over $100,000, indicating a mixed-income community.","Given the income distribution, discretionary spending varies widely. Lower-income households may be more sensitive to increases in transit fares and sales taxes, while higher-income households may have more flexibility.","Hyde Park has a high percentage of residents using transit (22.5%) and walking/biking (29.4%), with a significant portion of households (43.4%) not owning a vehicle. This suggests a strong reliance on public transit and non-motorized modes of transportation.","Considering the high reliance on public transit and non-motorized transportation, policies that improve transit service without significantly increasing costs are prioritized. Lower fares and moderate sales taxes are preferred to maintain affordability for lower-income residents. Driver fees are considered to reduce congestion and improve transit times, benefiting the large transit-using population. The selected policies aim to balance improved transit service with affordability, considering the community's income diversity and transportation habits.","[11, 10, 13, 14, 19]",11,10,13,14,19
Woodlawn,"The median income in Woodlawn is $29,969, with a significant portion of the population earning less than $25,000. This indicates limited disposable income, making cost-sensitive policies more favorable.","With a high percentage of households earning below $25,000, discretionary spending is likely constrained. Policies that minimize additional financial burdens are preferred to maintain essential consumption.",A significant portion of the population relies on transit (24.3%) and a notable percentage has no vehicle (38.1%). Improving transit accessibility and affordability is crucial for this community.,"Given the limited disposable income and high reliance on public transit, policies with lower transit fares and moderate sales taxes are prioritized. A balance between improving transit services and minimizing financial strain is essential. Proposals with lower driving fees are also considered to encourage a shift from driving to transit, reducing congestion and emissions. The selected policies aim to enhance transit efficiency while keeping costs manageable for residents.","[10, 11, 19, 20, 13]",10,11,19,20,13
South Shore,"The median income in South Shore is $39,649, with a significant portion of the population earning less than $25,000. This suggests limited disposable income, making cost-sensitive policies more favorable.","With 33% of households earning less than $25,000, discretionary spending is likely constrained. Policies that minimize additional costs, such as lower fares and taxes, would be beneficial.","A high percentage of residents (32.8%) use transit, and 37.8% of households do not own a vehicle. Improving transit accessibility and affordability is crucial for this community.","Given the high reliance on public transit and limited disposable income, policies with lower transit fares and moderate taxes are prioritized. The goal is to enhance transit service without significantly increasing costs for residents. Lower driving fees are less critical due to the lower car ownership and high transit usage. Therefore, proposals with lower fares and moderate taxes, which also improve transit times, are preferred.","[10, 11, 19, 20, 13]",10,11,19,20,13
Chatham,"Chatham has a median income of $39,348 and a per capita income of $28,801. A significant portion of the population earns less than $50,000, indicating limited disposable income.","With 32.8% of households earning less than $25,000, discretionary spending is likely constrained. Any increase in transportation costs could significantly impact these households.","31.8% of households have no vehicle, and 27.3% of residents use transit. Improving transit accessibility and affordability is crucial for this community.","Given the high reliance on transit and limited disposable income, proposals with lower transit fares and moderate taxes are prioritized. Reducing travel time is also important, but not at the expense of significantly higher costs. Balancing affordability with improved transit service is key. Proposals with a $0.75 fare and moderate driver fees are preferred to encourage transit use and reduce congestion, while keeping costs manageable for low-income residents.","[10, 11, 19, 20, 13]",10,11,19,20,13
Avalon Park,"The median income in Avalon Park is $54,139, with a significant portion of households earning less than $50,000. This suggests that disposable income is limited for many residents, making cost-sensitive policies more favorable.","With a per capita income of $31,626, residents may prioritize essential spending over discretionary consumption. Policies that minimize additional financial burdens, such as lower fares and taxes, would be more appealing.","A significant portion of the community relies on driving (58.5%) and transit (24.1%) for commuting. Improving transit times and maintaining affordable fares are crucial for accessibility, especially for those without vehicles (23.6% of households).","Given the community's income distribution and reliance on both driving and transit, the ideal policies would balance affordability with improved transit services. Lower fares and moderate taxes are prioritized to minimize financial strain while enhancing transit accessibility. Driver fees are considered to reduce congestion and improve transit times, but they should not be too high to avoid excessive costs for drivers.","[10, 13, 19, 22, 11]",10,13,19,22,11
South Chicago,"The median income in South Chicago is $43,936, with a significant portion of the population earning less than $25,000. This indicates limited disposable income, making cost-sensitive policies more favorable.","With a per capita income of $22,912, residents have limited discretionary spending. High transit fares or driver fees could significantly impact their ability to spend on other necessities.","23.7% of residents use transit, and 31.6% have no vehicle, indicating a reliance on public transportation. Policies that improve transit times and affordability are crucial for accessibility.","Given the community's limited disposable income and reliance on public transit, policies with lower fares and moderate taxes are prioritized. Reducing transit times is also important, but not at the expense of significantly higher costs. A balance between affordability and improved service is key. Policies with a $0.75 fare and moderate driver fees are preferred to encourage transit use and reduce congestion, while keeping costs manageable for residents.","[10, 11, 19, 20, 1]",10,11,19,20,1
Burnside,"The median income in Burnside is $46,711, with a significant portion of households earning less than $50,000. This suggests limited disposable income, making cost-sensitive policies more favorable.","With a per capita income of $28,605, residents may prioritize essential spending over discretionary consumption. High transit fares or driver fees could significantly impact their budget.",Burnside has a high percentage of residents using transit (27.6%) and a significant portion without vehicles (38.7%). Improving transit accessibility and affordability is crucial for this community.,"Given the high reliance on transit and limited disposable income, policies with lower transit fares and moderate driver fees are prioritized. A lower sales tax is also preferred to minimize the impact on discretionary spending. The goal is to enhance transit accessibility while keeping costs manageable for residents. Policies that reduce travel time for both transit and driving are also considered to improve overall accessibility and efficiency.","[11, 10, 19, 13, 14]",11,10,19,13,14
Calumet Heights,"The median income in Calumet Heights is $68,436, with a per capita income of $39,867. A significant portion of the population earns less than $50,000, indicating a moderate level of disposable income.","With 20.6% of households earning less than $25,000, a substantial portion of the community may have limited discretionary spending. The community needs to balance transportation costs with other essential expenses.","52.3% of residents drive alone, while 19.5% use transit. Car ownership is relatively high, with 80.6% of households owning at least one vehicle. Accessibility to resources is moderately reliant on both driving and transit.","Given the moderate disposable income and the need to balance costs, proposals with lower fares and moderate taxes are preferred. Reducing travel time is also important to improve accessibility. Proposals with a higher driver fee can encourage transit use, reducing congestion and emissions. The community's reliance on both driving and transit suggests a need for balanced policies that do not overly burden either mode.","[10, 13, 19, 22, 25]",10,13,19,22,25
Roseland,"The median income in Roseland is $49,808, with a significant portion of households earning less than $50,000. This suggests limited disposable income, making cost-sensitive policies more favorable.","With a per capita income of $24,754, residents have limited discretionary spending. High transit fares or driver fees could significantly impact their ability to spend on other necessities.","A significant portion of the population relies on driving (53.9%) and transit (20.1%) to commute. Improving transit times and maintaining affordable fares are crucial for accessibility, especially for the 25.9% of households without a vehicle.","Given the limited disposable income and reliance on both driving and transit, policies that reduce travel time and maintain or lower costs are prioritized. A lower sales tax is preferred to minimize the impact on discretionary spending. Proposals with moderate driver fees are considered to encourage a shift to transit, reducing congestion and emissions. The top-ranked proposals balance these factors by offering reduced travel times and maintaining affordability for both transit users and drivers.","[11, 14, 13, 10, 19]",11,14,13,10,19
Pullman,"The median income in Pullman is $54,755, with a significant portion of the population earning less than $50,000. This suggests that disposable income is limited for many residents, making cost-sensitive policies more favorable.","With a per capita income of $32,327, residents may prioritize essential spending over discretionary consumption. Policies that minimize additional financial burdens, such as lower fares and taxes, would be preferable.","A significant portion of the community relies on driving (64%) and transit (17.6%) for commuting. Improving transit times and maintaining affordability is crucial for accessibility, especially for those without vehicles (16.1%).","Given the community's income distribution and reliance on both driving and transit, policies that balance affordability with improved transit services are prioritized. Lower fares and moderate taxes are preferred to minimize financial strain while enhancing transit efficiency. The top-ranked proposals reflect a balance between reducing travel times and maintaining low costs, considering both transit users and drivers.","[10, 13, 19, 22, 11]",10,13,19,22,11
South Deering,"The median income in South Deering is $34,814, with a significant portion of the population earning less than $25,000. This suggests limited disposable income, making cost-sensitive policies more favorable.","With a high percentage of households earning below $50,000, discretionary spending is likely constrained. Policies that minimize additional costs, such as lower fares and taxes, would be beneficial.","A significant portion of the community relies on driving (57.2%) and transit (23.7%). Improving transit times and maintaining affordable fares are crucial for accessibility, especially for those without vehicles (24% of households).","Given the community's limited disposable income and reliance on both driving and transit, the focus is on minimizing costs while improving transit efficiency. Lower fares and moderate taxes are prioritized to ensure affordability. Driver fees are considered to reduce congestion and improve transit times, benefiting both drivers and transit users. The selected policies balance cost, accessibility, and potential improvements in transit service.","[11, 10, 19, 13, 14]",11,10,19,13,14
East Side,"The median household income in East Side is $61,898, with a significant portion of households earning between $25,000 and $49,999. This suggests a moderate level of disposable income, with some households potentially sensitive to increases in transportation costs.","With a per capita income of $25,646, residents may have limited discretionary spending. A higher sales tax or increased transit fares could impact their ability to spend on other necessities or leisure activities.","The majority of residents (68.4%) drive alone, indicating a reliance on personal vehicles. Only 7.7% use transit, suggesting that improvements in transit could benefit a smaller portion of the community. The mean commute time is 36.4 minutes, which is relatively high, indicating potential benefits from reduced travel times.","Given the community's reliance on driving and moderate income levels, proposals that balance lower transit fares and moderate driver fees with minimal tax increases are preferred. Reducing travel times for both driving and transit is important, but the community's reliance on cars suggests that driver fees should not be too high. Therefore, proposals with lower fares and moderate driver fees, which also reduce travel times, are prioritized. A moderate sales tax is acceptable if it significantly improves transit services, as this could encourage more residents to switch to transit, reducing congestion and emissions.","[10, 13, 19, 22, 14]",10,13,19,22,14
West Pullman,"The median income in West Pullman is $46,861, with a significant portion of the population earning less than $50,000. This suggests limited disposable income, making cost-sensitive policies more favorable.","With a per capita income of $24,916, residents may prioritize essential spending over discretionary consumption. High transit fares or driver fees could significantly impact their budget.","63.1% of residents drive alone, while 12% use transit. Improving transit times and affordability could benefit those without vehicles (23.4% of households) and those who rely on public transportation.","Given the community's income constraints and reliance on both driving and transit, policies that balance lower costs with improved transit times are prioritized. Lower fares and moderate driver fees can encourage transit use without overly burdening drivers. A moderate sales tax is acceptable if it significantly improves transit services, as it supports those without vehicles and can reduce congestion for drivers.","[11, 10, 19, 13, 14]",11,10,19,13,14
Riverdale,"Riverdale has a median income of $41,144 and a per capita income of $19,721. A significant portion of the population earns less than $25,000, indicating limited disposable income.","With a large percentage of households earning below $50,000, discretionary spending is likely constrained. Any increase in transportation costs could significantly impact their ability to spend on other necessities.","A majority of residents drive alone (67.9%), but a notable portion (12.9%) relies on transit. Improving transit times could benefit those without vehicles and reduce overall commute times.","Given the limited disposable income, policies with lower fares and taxes are preferred to minimize financial strain. However, improving transit times is also crucial for accessibility. Balancing these factors, the chosen policies aim to reduce costs while enhancing transit efficiency. Lower fares and moderate driver fees are prioritized to encourage transit use and reduce congestion, benefiting both drivers and transit users.","[10, 11, 19, 20, 13]",10,11,19,20,13
Hegewisch,"The median income in Hegewisch is $58,647, with a per capita income of $31,457. A significant portion of the population earns less than $25,000, indicating a need to consider affordability in transportation costs.","With 27.6% of households earning less than $25,000, there is limited discretionary income. Therefore, policies that minimize additional costs, such as lower fares and taxes, are preferable to ensure residents can maintain their current consumption levels.","65.2% of residents drive alone, while only 10.8% use transit. Improving transit times and affordability could encourage more transit use, reducing congestion and emissions. However, the community's high car ownership suggests that driving remains a critical mode of transport.","Given the community's income distribution and reliance on driving, policies that balance lower costs with improved transit times are prioritized. Lower fares and moderate driver fees can enhance transit appeal without significantly impacting disposable income. A moderate sales tax is acceptable if it leads to better transit services, as long as it doesn't overly burden low-income households. The selected policies aim to improve transit efficiency and affordability while considering the community's economic constraints and transportation habits.","[10, 13, 19, 22, 25]",10,13,19,22,25
Garfield Ridge,"Garfield Ridge has a relatively high median income of $90,374 and a per capita income of $37,983. A significant portion of households earn over $100,000, indicating a good level of disposable income.","With a high percentage of households earning over $100,000, residents likely have a moderate to high level of discretionary spending. However, a notable portion of the population earns less than $50,000, which suggests some sensitivity to increased costs.","The majority of residents drive alone (71.2%), with only 7.6% using transit. Car ownership is high, with 58.8% of households owning two or more vehicles. This suggests that accessibility is more car-dependent, and improvements in transit might not immediately benefit the majority.","Given the high car ownership and reliance on driving, policies that reduce driving time and costs are prioritized. However, improving transit is also important to provide alternatives and reduce congestion. A balance between low transit fares and moderate driver fees is ideal to encourage transit use without overly burdening drivers. A lower sales tax is preferred to maintain discretionary spending, especially for lower-income households. Therefore, proposals with moderate driver fees, lower transit fares, and lower sales taxes are prioritized.","[10, 11, 19, 20, 13]",10,11,19,20,13
Archer Heights,"The community has a significant portion of households earning less than $50,000, with 21.2% earning less than $25,000 and 25.1% earning between $25,000 and $49,999. This suggests a moderate to low disposable income level, making cost-sensitive policies more favorable.","Given the income distribution, a large portion of the community likely prioritizes essential spending over discretionary consumption. Therefore, policies that minimize additional financial burdens are preferred.","With 58.7% of residents driving alone and 13.1% using transit, both modes are important. However, the high car ownership and reliance on driving suggest that policies improving driving conditions and reducing costs are crucial, while also considering transit improvements for those who rely on it.","The decision prioritizes policies that balance cost savings with improved transit and driving conditions. Lower fares and moderate driver fees are preferred to encourage transit use without overly burdening drivers. A lower sales tax is favored to minimize the impact on disposable income. The selected policies aim to reduce travel times for both modes, considering the community's reliance on driving and the need for affordable transit options.","[10, 13, 19, 22, 11]",10,13,19,22,11
Brighton Park,"The median income in Brighton Park is $52,145, with a per capita income of $22,361. A significant portion of the population earns less than $50,000, indicating limited disposable income for many households.","With a large percentage of households earning below $50,000, discretionary spending is likely constrained. Any increase in transportation costs could significantly impact the ability to spend on other necessities.","58.8% of residents drive alone, while 15.1% use transit. Car ownership is relatively high, with 84.6% of households owning at least one vehicle. However, 15.4% of households have no vehicle, indicating a reliance on public transit for some.","Given the limited disposable income and the need to balance costs, proposals with lower fares and moderate taxes are preferred. Reducing transit times is also important to improve accessibility for those relying on public transit. Proposals with higher driver fees are considered to encourage a shift to transit, potentially reducing congestion and emissions. The selected proposals aim to balance affordability, improved transit service, and reduced travel times.","[10, 13, 19, 22, 11]",10,13,19,22,11
McKinley Park,"The median income in McKinley Park is $70,411, with a per capita income of $32,106. A significant portion of the population earns between $25,000 and $149,999, indicating a moderate level of disposable income.","With a diverse income distribution, a substantial portion of the community may be sensitive to increases in transit fares and driver fees, as these could impact their ability to spend on other necessities and discretionary items.","51.5% of residents drive alone, while 21.7% use transit. Car ownership is relatively high, with 87.8% of households owning at least one vehicle. This suggests that both driving and transit are important modes of transportation for the community.","Given the moderate disposable income and the reliance on both driving and transit, the community would benefit from policies that balance affordability with improved transit services. Lower fares and moderate driver fees could encourage transit use without significantly impacting disposable income. A moderate sales tax is acceptable if it leads to better transit services, as long as it doesn't overly burden the community's spending power. Therefore, proposals with lower fares, moderate driver fees, and a balanced sales tax are prioritized.","[10, 13, 19, 22, 25]",10,13,19,22,25
Bridgeport,"Bridgeport has a median income of $72,159 and a per capita income of $38,718. A significant portion of the population earns less than $50,000, which suggests that affordability is a key concern for many residents.","With a diverse income distribution, a notable portion of the community may be sensitive to changes in transportation costs, as these could impact their ability to spend on other necessities and discretionary items.","Bridgeport has a relatively high percentage of residents who drive alone (48.3%) and a significant portion who use transit (16%). The community also has a notable percentage of households without a vehicle (17.8%), indicating a reliance on public transit for some residents.","Given the income distribution and transportation mode preferences, the community would benefit from policies that balance affordability with improved transit services. Lower transit fares and moderate driver fees could encourage more transit use, reducing congestion and emissions. A moderate sales tax is acceptable if it significantly enhances transit services. The top-ranked proposals should aim to reduce travel times and costs for both drivers and transit users, while not overly burdening lower-income residents with high taxes or fees.","[11, 14, 13, 10, 19]",11,14,13,10,19
New City,"The median income in New City is $40,959, with a significant portion of the population earning less than $25,000. This indicates limited disposable income, making cost-sensitive policies more favorable.","With a per capita income of $21,622, residents have limited discretionary spending. High transit fares or driver fees could significantly impact their ability to spend on other necessities.","A large portion of the community relies on driving (53.7%) and transit (17.9%). Improving transit times and maintaining affordable fares are crucial for accessibility, especially for those without vehicles (24.5%).","Given the community's limited disposable income and reliance on both driving and transit, policies that balance lower costs with improved transit times are prioritized. A lower sales tax is preferred to minimize the impact on discretionary spending. Proposals with moderate driver fees are considered to encourage a shift to transit, reducing congestion and emissions. The top-ranked proposals aim to improve transit times while keeping costs manageable for residents.","[10, 13, 19, 22, 11]",10,13,19,22,11
West Elsdon,"West Elsdon has a median household income of $64,441 and a per capita income of $27,703. A significant portion of the population earns between $25,000 and $74,999, indicating moderate disposable income levels.","With 40.5% of households earning less than $50,000, there is a need to balance transportation costs with other essential expenses. The community may be sensitive to increases in transit fares and taxes.","59.6% of residents drive alone, while 12.9% use transit. The community has a mean commute time of 36.3 minutes, indicating a reliance on both driving and transit. Improving transit times could benefit a significant portion of the population.","Given the moderate income levels and reliance on both driving and transit, the community would benefit from policies that improve transit times without significantly increasing costs. Lower fares and moderate taxes are preferred to maintain affordability. Driver fees can be used to encourage a shift to transit, reducing congestion and emissions. The selected policies aim to balance improved transit service with affordability.","[11, 14, 13, 10, 19]",11,14,13,10,19
Gage Park,"The median income in Gage Park is $50,112, with a significant portion of households earning less than $50,000. This suggests limited disposable income, making cost-sensitive policies more favorable.","With a per capita income of $19,524, residents have limited discretionary spending. High transit fares or driver fees could significantly impact their ability to spend on other necessities.","59.6% of residents drive alone, while 17.9% use transit. A significant portion of the community relies on cars, but improving transit could benefit those without vehicles (20.5% of households).","Given the community's income constraints, lower fares and fees are prioritized to minimize financial burden. A moderate sales tax is acceptable if it significantly improves transit times, benefiting the 17.9% who use transit and potentially encouraging more to switch from driving. Reducing car travel time is also important, as a majority drive alone. Balancing these factors, proposals with lower fares and moderate fees that improve transit times and reduce car travel times are preferred.","[11, 14, 13, 10, 19]",11,14,13,10,19
Clearing,"The median household income in Clearing is $73,778, with a significant portion of households earning between $50,000 and $149,999. This suggests a moderate level of disposable income, with some capacity to absorb additional costs from taxes or fees, but with a need to be mindful of the impact on lower-income households.","With a per capita income of $33,089, residents have some discretionary spending power. However, a notable portion of the population earns less than $50,000, indicating that increases in transportation costs could impact their ability to spend on other necessities.","The majority of residents (74.1%) drive alone, indicating a high reliance on personal vehicles. Only 6.9% use transit, suggesting that improvements in transit could benefit a small but significant portion of the population. The mean commute time is 31.9 minutes, which is relatively high, indicating potential benefits from reduced travel times.","Given the high reliance on driving, policies that reduce car travel time and cost are prioritized. However, improving transit is also important for the minority who rely on it. Balancing lower fares and fees with moderate tax increases can enhance transit services without overly burdening residents. The top choices aim to reduce car travel time while keeping transit affordable and improving service quality. A moderate sales tax increase is acceptable if it significantly improves transit times and services, benefiting the community's overall accessibility.","[11, 14, 13, 10, 19]",11,14,13,10,19
West Lawn,"The median income in West Lawn is $69,647, with a per capita income of $25,786. A significant portion of the population earns between $25,000 and $99,999, indicating moderate disposable income levels.","With 36.9% of households earning less than $50,000, there is a need to balance transportation costs with other essential expenses. The community may be sensitive to increases in transit fares and taxes.","63.4% of residents drive alone, while 9.8% use transit. Car ownership is high, with 56.3% of households owning two or more vehicles. This suggests a reliance on driving, but also a need for efficient transit options for those who use it.","Given the community's moderate income levels and reliance on both driving and transit, the focus is on minimizing costs while improving transit efficiency. Lower fares and moderate driver fees can encourage transit use without significantly impacting disposable income. A balanced approach with moderate sales tax is preferred to support transit improvements without overly burdening residents. The selected proposals aim to reduce travel times and costs for both drivers and transit users, considering the community's income distribution and transportation habits.","[10, 13, 19, 22, 25]",10,13,19,22,25
Chicago Lawn,"The median income in Chicago Lawn is $43,293, with a significant portion of households earning less than $50,000. This suggests limited disposable income, making cost-sensitive policies more favorable.","With a per capita income of $20,907, residents have limited discretionary spending. High transit fares or driver fees could significantly impact their ability to spend on other necessities.","A large portion of the community relies on driving (57.8%) and carpooling (20.6%), with only 14.9% using transit. Policies that improve transit times and reduce costs could encourage more transit use, but must balance with the community's reliance on driving.","Given the community's income constraints and reliance on both driving and transit, policies that reduce transit fares and driving times while maintaining a reasonable tax rate are prioritized. Lower fares and moderate driver fees can improve transit accessibility without overly burdening drivers. A moderate sales tax is acceptable if it significantly improves transit services, as long as it doesn't overly impact discretionary spending.","[10, 13, 19, 22, 11]",10,13,19,22,11
West Englewood,"West Englewood has a median income of $29,234 and a per capita income of $19,453, with a significant portion of the population earning less than $25,000. This indicates limited disposable income, making cost-sensitive policies more favorable.","With 42.1% of households earning less than $25,000, discretionary spending is likely constrained. Policies that minimize additional financial burdens, such as lower fares and taxes, are preferable to maintain essential consumption levels.","25.9% of residents use transit, and 32.7% have no vehicle, highlighting the importance of affordable and efficient public transportation. Reducing transit times and costs can significantly enhance accessibility to jobs and services.","Given the community's low income levels and reliance on public transit, policies that reduce transit fares and improve service efficiency are prioritized. A balance between affordable transit fares and reasonable sales tax is crucial to support transit improvements without overburdening residents financially. Driver fees are considered to encourage a shift to public transit, reducing congestion and emissions, but must be balanced with the community's economic constraints.","[11, 10, 19, 13, 14]",11,10,19,13,14
Englewood,"Englewood has a low median income of $27,792 and a per capita income of $17,897. A significant portion of the population earns less than $25,000, indicating limited disposable income.","With a high percentage of households earning below $25,000, discretionary spending is likely constrained. Any increase in transportation costs could significantly impact the ability to spend on other necessities.","44.6% of households do not own a vehicle, and 25.2% of residents use transit. This indicates a high reliance on public transportation, making affordable and efficient transit options crucial for accessibility.","Given the low income levels and high reliance on public transit, policies with lower transit fares and moderate driver fees are preferred to maintain affordability and improve transit services. A lower sales tax is also favored to minimize the impact on discretionary spending. The goal is to balance improved transit services with affordability, considering the community's economic constraints and transportation needs.","[11, 10, 19, 13, 14]",11,10,19,13,14
Greater Grand Crossing,"The median income is $39,908, with a significant portion of the population earning less than $25,000. This indicates limited disposable income, making cost-sensitive policies more favorable.","With a high percentage of households earning below $50,000, discretionary spending is likely constrained. Policies that minimize additional costs, such as lower fares and taxes, would be beneficial.",A significant portion of the community relies on transit (29.5%) and a notable percentage has no vehicle (36.5%). Improving transit accessibility and affordability is crucial for this community.,"Given the community's reliance on transit and limited disposable income, policies with lower fares and moderate taxes are prioritized. Reducing travel time is also important, but not at the expense of significantly higher costs. The community would benefit from policies that balance improved transit services with affordability. Therefore, proposals with lower fares and moderate driver fees, which can improve transit times without imposing high costs, are preferred.","[10, 11, 19, 20, 13]",10,11,19,20,13
Ashburn,"The median income in Ashburn is $78,060, with a per capita income of $28,910. A significant portion of the population earns between $50,000 and $149,999, indicating a moderate level of disposable income.","With a diverse income distribution, a portion of the community may be sensitive to increases in transit fares and driver fees. The community's spending on goods and services could be impacted by higher taxes and fees.","67.6% of residents drive alone, while 11.4% use transit. Car ownership is high, with 92.3% of households owning at least one vehicle. This suggests that while transit improvements are beneficial, car travel is predominant.","Given the high car ownership and predominant use of driving, policies that reduce driving time and costs are favorable. However, improving transit is also important for the 11.4% who rely on it. Balancing lower fares and moderate taxes with reduced driving times is key. Proposals with a $0.75 fare and moderate driver fees are prioritized to maintain affordability while improving transit times. A 1% tax is acceptable if it significantly improves transit times, as it aligns with the current tax rate and supports better services.","[11, 10, 19, 13, 14]",11,10,19,13,14
Auburn Gresham,"The median income in Auburn Gresham is $41,000, with a significant portion of the population earning less than $25,000. This suggests limited disposable income, making cost-sensitive policies more favorable.","With a per capita income of $23,557, residents have limited discretionary spending. High transit fares or driver fees could significantly impact their ability to spend on other necessities.",Auburn Gresham has a high percentage of residents who drive alone (57.5%) and a notable portion using transit (21.1%). Improving transit times and maintaining affordability is crucial for accessibility.,"Given the community's limited disposable income and reliance on both driving and transit, policies that balance lower costs with improved transit times are prioritized. A lower sales tax is preferred to minimize the impact on discretionary spending. Proposals with moderate driver fees are considered to encourage a shift to transit, reducing congestion and emissions. The top-ranked proposals offer a combination of reduced travel times and affordable costs, aligning with the community's economic constraints and transportation needs.","[10, 13, 19, 22, 11]",10,13,19,22,11
Beverly,"Beverly has a high median income of $131,170 and a per capita income of $64,719, indicating a relatively high level of disposable income compared to other areas.","With a significant portion of households earning over $100,000, residents likely have more flexibility in their spending, allowing for discretionary consumption beyond basic needs.","62% of residents drive alone, and 17% use transit. Car ownership is high, with 43.6% owning two vehicles, suggesting good accessibility by car. However, transit usage is also notable, indicating a need for efficient public transportation.","Given the high income levels, Beverly residents can afford moderate increases in transit fares and driver fees if it results in better services. The community values both driving and transit, so policies that improve transit times without significantly increasing costs are preferred. A balance between tax, fare, and fee is crucial to maintain affordability while enhancing service quality. Proposals with moderate taxes and fees that significantly reduce travel times are prioritized to benefit both drivers and transit users.","[14, 13, 11, 10, 4]",14,13,11,10,4
Washington Heights,"The median income in Washington Heights is $66,797, with a per capita income of $29,673. A significant portion of the population earns less than $50,000, indicating limited disposable income for many households.","With a substantial portion of the population earning less than $50,000, discretionary spending is likely constrained. Any increase in transportation costs could significantly impact the ability to spend on other necessities.","58.2% of residents drive alone, while 22.3% use transit. Car ownership is relatively high, with 83.2% of households owning at least one vehicle. However, 16.8% of households have no vehicle, relying on transit.","Given the community's income distribution and reliance on both driving and transit, policies that balance lower costs with improved transit times are prioritized. Lower fares and moderate driver fees are preferred to minimize financial strain while encouraging transit use. A moderate sales tax is acceptable if it significantly improves transit service, as it supports those without vehicles. The top-ranked proposals reflect a balance between affordability and improved transit efficiency, considering the community's economic constraints and transportation needs.","[11, 14, 13, 10, 19]",11,14,13,10,19
Mount Greenwood,"Mount Greenwood has a relatively high median income of $113,328 and a per capita income of $47,744. A significant portion of the population earns over $100,000, indicating a strong disposable income base.","With a high median income, residents likely have more discretionary spending capacity. However, a higher sales tax could impact their consumption of goods and services.","The community heavily relies on driving, with 82.2% driving alone and only 4.2% using transit. This suggests that policies improving driving conditions or incentivizing transit use could be beneficial.","Given the high car ownership and reliance on driving, policies that reduce driving time and improve transit efficiency are prioritized. A balance between maintaining low costs and improving transit services is crucial. The community's high income allows for some flexibility in accepting higher fares or fees if they result in significant time savings. Therefore, proposals with moderate taxes and fees that significantly reduce travel time are preferred.","[14, 11, 13, 10, 19]",14,11,13,10,19
Morgan Park,"Morgan Park has a median household income of $71,683 and a per capita income of $39,283. A significant portion of the population earns between $25,000 and $99,999, indicating a moderate level of disposable income.","With 18.5% of households earning less than $25,000 and 21% earning between $25,000 and $49,999, a substantial portion of the community may be sensitive to increases in transportation costs, which could impact their discretionary spending on other goods and services.","The majority of residents (64.9%) drive alone to work, while only 9.5% use transit. This suggests that while transit improvements could benefit some, policies that significantly increase driving costs may disproportionately affect the majority who rely on cars.","Given the community's reliance on driving and moderate income levels, policies that balance transit improvements with minimal increases in driving costs and taxes are preferred. Lower transit fares and moderate driver fees can encourage transit use without overly burdening drivers. A moderate sales tax is acceptable if it significantly improves transit times, benefiting those who rely on public transportation. Therefore, proposals with lower fares, moderate driver fees, and reasonable sales taxes are prioritized to balance accessibility and affordability.","[10, 13, 19, 22, 14]",10,13,19,22,14
O'Hare,"O'Hare is a mixed-income area with a range of income levels, but generally has a moderate to high disposable income due to its proximity to the airport and associated employment opportunities.","Residents in O'Hare likely have moderate discretionary spending, with a focus on housing, transportation, and leisure activities. The community's proximity to the airport may also influence spending on travel and related services.","O'Hare has good accessibility to resources and services, with strong transit connections due to the airport and major highways. However, transit times can be long, and driving is a common mode of transportation.","Given the moderate to high disposable income, the community can handle a slight increase in sales tax if it results in better transit services. Reducing transit times is crucial, as current transit times are long. A balance between fare, tax, and driving fees is needed to ensure affordability while improving service. Proposals with lower fares and moderate taxes are preferred to encourage transit use and reduce congestion. Driving fees are acceptable if they significantly reduce car travel times and improve transit efficiency.","[11, 14, 13, 19, 22]",11,14,13,19,22
Edgewater,"Edgewater has a median income of $67,796 and a per capita income of $51,717. A significant portion of the population earns less than $50,000, indicating a need to consider affordability in transportation costs.","With a diverse income distribution, a substantial portion of the community may be sensitive to increases in transportation costs, which could impact their ability to spend on other necessities.","Edgewater has a high percentage of residents using transit (33.2%) and a significant portion without vehicles (38.8%). This suggests a strong reliance on public transportation, making transit affordability and efficiency crucial.","Given the high reliance on public transit and the income distribution, policies that lower transit fares and improve transit times are prioritized. A moderate sales tax is acceptable if it significantly enhances transit services. Driver fees are less impactful due to lower car ownership, but reducing congestion and emissions is beneficial. The selected policies aim to balance affordability, improved transit service, and minimal impact on discretionary spending.","[11, 14, 13, 10, 19]",11,14,13,10,19
