run,community_area,disposable_income,discretionary_consumption,accessibility,decision_rationale,rank1,rank2,rank3,rank4,rank5
1,City of Chicago,"The median household income in Chicago is around $60,000. This suggests a moderate level of disposable income, with significant variation across different neighborhoods.","Chicago residents allocate a significant portion of their income to housing, transportation, and food. Discretionary spending is limited, especially in lower-income areas, making cost-sensitive policies more appealing.","Chicago has a well-developed public transit system, but accessibility varies by neighborhood. Lower-income areas may rely more on public transit, while higher-income areas may have better access to private vehicles.",The decision prioritizes policies that balance affordability with improved transit service. Lower fares and moderate taxes are preferred to minimize the financial burden on residents while enhancing transit accessibility. Policies that reduce travel time for both transit and driving are favored to improve overall efficiency and quality of life. The tradeoff involves balancing the need for revenue to support transit improvements with the financial impact on residents.,10,13,19,22,25
2,City of Chicago,"The City of Chicago has a diverse population with varying levels of disposable income. While some areas have high-income residents, others have lower-income populations who are more sensitive to changes in transportation costs.","Chicago residents allocate their income to various needs, including housing, food, and transportation. Any increase in transportation costs could impact their ability to spend on other discretionary items.","Chicago has a well-developed public transit system, but accessibility varies by neighborhood. Some areas rely heavily on public transit, while others have higher car ownership. Improving transit times and reducing congestion are crucial for enhancing accessibility.","The decision prioritizes policies that balance affordability, improved transit times, and reduced congestion. Lower fares and moderate driver fees are preferred to encourage transit use and reduce car dependency. A moderate sales tax is acceptable if it significantly improves transit services. The goal is to enhance overall accessibility while minimizing financial burdens on residents.",10,13,19,22,25
3,City of Chicago,"The median household income in Chicago is around $60,000. This suggests a moderate level of disposable income, with significant variation across different neighborhoods.","Chicago residents allocate a significant portion of their income to housing, transportation, and food. Discretionary spending is limited, especially in lower-income areas, making cost-sensitive policies important.","Chicago has a well-developed public transit system, but accessibility varies. Lower-income areas may rely more on public transit, while higher-income areas may have more car ownership. Reducing transit times and costs can improve accessibility for transit-dependent populations.","The decision prioritizes policies that balance affordability, transit efficiency, and revenue generation for improved services. Lower fares and moderate taxes are preferred to minimize the financial burden on residents while encouraging transit use. Driver fees are considered to reduce congestion and emissions, with a focus on maintaining or improving transit travel times. The selected policies aim to enhance overall accessibility and service quality without disproportionately impacting low-income residents.",10,13,19,22,25
4,City of Chicago,"The median household income in Chicago is around $60,000. This suggests a moderate level of disposable income, with significant variation across different neighborhoods. Many residents are sensitive to changes in transportation costs, which can impact their overall budget.","Chicago residents allocate a significant portion of their income to housing, food, and transportation. Discretionary spending is limited, so increases in transportation costs could reduce spending in other areas.","Chicago has a well-developed public transit system, including buses and trains, which provides good accessibility to most areas. However, travel times can be long, and improvements in transit efficiency could benefit many residents. Car ownership is common, but congestion and parking are issues.","The decision prioritizes reducing travel times and costs for both transit users and drivers, while considering the impact of taxes and fees on disposable income. Lower fares and moderate driver fees are preferred to encourage transit use and reduce congestion. A balance between tax rates and service improvements is sought to ensure sustainable funding for transit without overly burdening residents. The selected policies aim to improve transit efficiency, reduce car travel times, and maintain affordability.",10,13,19,22,25
5,City of Chicago,"The median household income in Chicago is around $60,000. This means that residents have a moderate level of disposable income, which is sensitive to changes in transportation costs, taxes, and fees.","Chicago residents allocate their income to various needs, including housing, food, and transportation. Any increase in transportation costs or taxes could reduce discretionary spending on other goods and services.","Chicago has a well-developed public transit system, but travel times can be long. Improving transit times and reducing congestion are important for accessibility. However, costs must be balanced to ensure affordability for residents.","The decision prioritizes reducing travel times and improving transit services while keeping costs manageable for residents. Lower fares and moderate taxes are preferred to maintain affordability. Driver fees are considered to reduce congestion and encourage transit use. The selected policies aim to balance these factors, improving transit efficiency and accessibility without overly burdening residents financially.",11,13,10,14,19
6,City of Chicago,"The median household income in Chicago is around $60,000. This means that residents have a moderate level of disposable income, which is sensitive to changes in transportation costs, taxes, and fees.","Chicago residents allocate their income to various needs such as housing, food, and transportation. Any increase in transportation costs or taxes could reduce discretionary spending on other goods and services.","Chicago has a well-developed public transit system, but travel times can be long. Improving transit times and reducing congestion are important for accessibility. However, costs must be balanced to ensure affordability for residents.","The decision prioritizes reducing travel times and improving transit services while keeping costs manageable for residents. Lower fares and moderate taxes are preferred to maintain affordability. Driver fees are considered to reduce congestion and encourage transit use. The selected policies aim to balance these factors, improving overall accessibility and service quality without imposing excessive financial burdens on residents.",10,13,19,22,25
7,City of Chicago,"The median household income in Chicago is around $60,000. This suggests a moderate level of disposable income, with significant variation across different neighborhoods.","Chicago residents spend a significant portion of their income on housing, transportation, and food. Discretionary spending is limited, especially in lower-income areas, making cost-effective transportation options important.","Chicago has a well-developed public transit system, but accessibility varies by neighborhood. Some areas are transit-rich, while others rely more on driving. Reducing travel time and cost for both modes is crucial for equitable access to resources and services.","The decision prioritizes reducing travel time and costs for both transit and driving, while considering the impact of sales tax on disposable income. Lower fares and driver fees are preferred to maintain affordability, while moderate sales tax rates are chosen to support transit improvements without overly burdening residents. The selected policies aim to balance cost, travel time, and accessibility improvements, benefiting a broad range of residents.",10,13,19,22,25
8,City of Chicago,"The median household income in Chicago is around $60,000. This means that residents have a moderate level of disposable income, which is sensitive to changes in transportation costs, taxes, and fees.","Chicago residents allocate their income to various needs, including housing, food, and transportation. Any increase in transportation costs or taxes could reduce discretionary spending on other goods and services.","Chicago has a well-developed public transit system, but travel times can be long. Improving transit times and reducing congestion are important for accessibility. The city also faces challenges with traffic congestion, making efficient transit options crucial.","The decision prioritizes reducing travel times and costs for both transit and driving, while considering the impact of taxes and fees on disposable income. Lower fares and moderate taxes are preferred to maintain affordability. Proposals that significantly reduce travel times without drastically increasing costs are prioritized. The goal is to enhance transit service quality and accessibility while minimizing the financial burden on residents.",11,13,14,10,19
9,City of Chicago,"The median household income in Chicago is around $60,000, with significant variation across neighborhoods. Many residents have limited disposable income, making cost-sensitive policies important.","Chicagoans spend a significant portion of their income on housing, transportation, and food. Policies that increase transportation costs could reduce discretionary spending on other goods and services.","Chicago has a well-developed public transit system, but accessibility varies by neighborhood. Policies that improve transit times and reduce costs could enhance access to jobs and services, especially for lower-income residents.","The decision prioritizes policies that balance affordability with improved transit service. Lower fares and moderate driver fees can encourage transit use, reduce congestion, and improve air quality. A moderate sales tax supports transit without overly burdening residents. The top-ranked policies offer reduced transit times and costs, making them attractive for residents who rely on public transportation. The tradeoff involves balancing the need for revenue to improve transit with the financial burden on residents. Policies with lower fares and moderate driver fees are preferred to encourage transit use and reduce congestion, while a moderate sales tax ensures sustainable funding for transit improvements.",10,13,19,22,25
10,City of Chicago,"The median household income in Chicago is around $60,000. This means that residents have a moderate level of disposable income, which is sensitive to changes in transportation costs, taxes, and fees.","Chicago residents allocate their income to various needs such as housing, food, and transportation. Any increase in transportation costs or taxes could reduce their ability to spend on other discretionary items.","Chicago has a well-developed public transit system, but travel times can be long. Improving transit times and reducing congestion are important for accessibility. The city also faces significant traffic congestion, making efficient transit options crucial.","The decision prioritizes reducing travel times and costs for both transit and driving, while considering the impact of taxes on disposable income. Lower fares and driver fees are preferred to maintain affordability, while moderate taxes ensure sufficient funding for transit improvements. The goal is to balance affordability, efficiency, and accessibility, while minimizing the financial burden on residents.",10,13,19,22,25
